{
    "Logistic Regression": {
        "confusion_matrix": [
            [
                722,
                13
            ],
            [
                5,
                295
            ]
        ],
        "classification_report": {
            "0": {
                "precision": 0.9931224209078404,
                "recall": 0.9823129251700681,
                "f1-score": 0.987688098495212,
                "support": 735.0
            },
            "1": {
                "precision": 0.9577922077922078,
                "recall": 0.9833333333333333,
                "f1-score": 0.9703947368421053,
                "support": 300.0
            },
            "accuracy": 0.9826086956521739,
            "macro avg": {
                "precision": 0.975457314350024,
                "recall": 0.9828231292517007,
                "f1-score": 0.9790414176686586,
                "support": 1035.0
            },
            "weighted avg": {
                "precision": 0.9828817794250483,
                "recall": 0.9826086956521739,
                "f1-score": 0.9826755299001086,
                "support": 1035.0
            }
        }
    },
    "Random Forest": {
        "confusion_matrix": [
            [
                716,
                19
            ],
            [
                12,
                288
            ]
        ],
        "classification_report": {
            "0": {
                "precision": 0.9835164835164835,
                "recall": 0.9741496598639455,
                "f1-score": 0.9788106630211894,
                "support": 735.0
            },
            "1": {
                "precision": 0.9381107491856677,
                "recall": 0.96,
                "f1-score": 0.9489291598023064,
                "support": 300.0
            },
            "accuracy": 0.970048309178744,
            "macro avg": {
                "precision": 0.9608136163510757,
                "recall": 0.9670748299319727,
                "f1-score": 0.9638699114117479,
                "support": 1035.0
            },
            "weighted avg": {
                "precision": 0.9703554011017542,
                "recall": 0.970048309178744,
                "f1-score": 0.9701493577403537,
                "support": 1035.0
            }
        }
    },
    "Gradient Boosting": {
        "confusion_matrix": [
            [
                721,
                14
            ],
            [
                20,
                280
            ]
        ],
        "classification_report": {
            "0": {
                "precision": 0.9730094466936572,
                "recall": 0.9809523809523809,
                "f1-score": 0.9769647696476965,
                "support": 735.0
            },
            "1": {
                "precision": 0.9523809523809523,
                "recall": 0.9333333333333333,
                "f1-score": 0.9427609427609428,
                "support": 300.0
            },
            "accuracy": 0.9671497584541063,
            "macro avg": {
                "precision": 0.9626951995373048,
                "recall": 0.9571428571428571,
                "f1-score": 0.9598628562043197,
                "support": 1035.0
            },
            "weighted avg": {
                "precision": 0.9670301729798297,
                "recall": 0.9671497584541063,
                "f1-score": 0.9670506169268983,
                "support": 1035.0
            }
        }
    },
    "Linear SVM": {
        "confusion_matrix": [
            [
                721,
                14
            ],
            [
                11,
                289
            ]
        ],
        "classification_report": {
            "0": {
                "precision": 0.9849726775956285,
                "recall": 0.9809523809523809,
                "f1-score": 0.9829584185412407,
                "support": 735.0
            },
            "1": {
                "precision": 0.9537953795379538,
                "recall": 0.9633333333333334,
                "f1-score": 0.9585406301824212,
                "support": 300.0
            },
            "accuracy": 0.9758454106280193,
            "macro avg": {
                "precision": 0.9693840285667912,
                "recall": 0.9721428571428572,
                "f1-score": 0.9707495243618309,
                "support": 1035.0
            },
            "weighted avg": {
                "precision": 0.9759357796078967,
                "recall": 0.9758454106280193,
                "f1-score": 0.9758807987270901,
                "support": 1035.0
            }
        }
    }
}